Datetime,Water Level (m)
2025-04-03 18:00:00,0.1039887
2025-04-03 19:00:00,0.10522116
2025-04-03 20:00:00,-0.004711239
2025-04-03 21:00:00,-0.20947105
2025-04-03 22:00:00,-0.44781017
2025-04-03 23:00:00,-0.66730374
2025-04-04 00:00:00,-0.8008011
2025-04-04 01:00:00,-0.80867004
2025-04-04 02:00:00,-0.6819363
2025-04-04 03:00:00,-0.46217275
2025-04-04 04:00:00,-0.1898505
2025-04-04 05:00:00,0.07254443
2025-04-04 06:00:00,0.265265
2025-04-04 07:00:00,0.34817645
2025-04-04 08:00:00,0.33146825
2025-04-04 09:00:00,0.22894906
2025-04-04 10:00:00,0.046459652
2025-04-04 11:00:00,-0.17176639
2025-04-04 12:00:00,-0.36904377
2025-04-04 13:00:00,-0.5032324
2025-04-04 14:00:00,-0.5610797
2025-04-04 15:00:00,-0.5115033
2025-04-04 16:00:00,-0.38978162
2025-04-04 17:00:00,-0.23657578
2025-04-04 18:00:00,-0.11268854
2025-04-04 19:00:00,-0.040886126
2025-04-04 20:00:00,-0.034539327
2025-04-04 21:00:00,-0.10372474
2025-04-04 22:00:00,-0.23084266
2025-04-04 23:00:00,-0.38301703
2025-04-05 00:00:00,-0.5252646
2025-04-05 01:00:00,-0.6138896
2025-04-05 02:00:00,-0.6237202
2025-04-05 03:00:00,-0.5549314
2025-04-05 04:00:00,-0.40615
2025-04-05 05:00:00,-0.20851004
2025-04-05 06:00:00,-0.008502947
2025-04-05 07:00:00,0.14397444
2025-04-05 08:00:00,0.23994936
2025-04-05 09:00:00,0.27126646
2025-04-05 10:00:00,0.21252534
2025-04-05 11:00:00,0.095083505
2025-04-05 12:00:00,-0.06624126
2025-04-05 13:00:00,-0.24337429
2025-04-05 14:00:00,-0.38651145
2025-04-05 15:00:00,-0.46797633
2025-04-05 16:00:00,-0.48446298
2025-04-05 17:00:00,-0.42924967
2025-04-05 18:00:00,-0.33263436
2025-04-05 19:00:00,-0.22718443
2025-04-05 20:00:00,-0.14383732
2025-04-05 21:00:00,-0.09771459
2025-04-05 22:00:00,-0.0934408
2025-04-05 23:00:00,-0.14644444
2025-04-06 00:00:00,-0.2450729
2025-04-06 01:00:00,-0.35912305
2025-04-06 02:00:00,-0.44784653
2025-04-06 03:00:00,-0.5093216
2025-04-06 04:00:00,-0.49977273
2025-04-06 05:00:00,-0.41614324
2025-04-06 06:00:00,-0.27780312
2025-04-06 07:00:00,-0.123102196
2025-04-06 08:00:00,0.036625218
2025-04-06 09:00:00,0.17662902
2025-04-06 10:00:00,0.24678119
2025-04-06 11:00:00,0.21384491
2025-04-06 12:00:00,0.15002267
2025-04-06 13:00:00,0.011824535
2025-04-06 14:00:00,-0.17675361
2025-04-06 15:00:00,-0.33338216
2025-04-06 16:00:00,-0.46814433
2025-04-06 17:00:00,-0.5314735
2025-04-06 18:00:00,-0.5259407
2025-04-06 19:00:00,-0.44079006
2025-04-06 20:00:00,-0.32250714
2025-04-06 21:00:00,-0.21007463
2025-04-06 22:00:00,-0.09979115
2025-04-06 23:00:00,-0.03531918
2025-04-07 00:00:00,-0.048463706
2025-04-07 01:00:00,-0.12768461
2025-04-07 02:00:00,-0.2373149
2025-04-07 03:00:00,-0.37800047
2025-04-07 04:00:00,-0.47881758
2025-04-07 05:00:00,-0.52414554
2025-04-07 06:00:00,-0.47974607
2025-04-07 07:00:00,-0.36755455
2025-04-07 08:00:00,-0.19573827
2025-04-07 09:00:00,-0.0049654064
2025-04-07 10:00:00,0.16520171
2025-04-07 11:00:00,0.26545092
2025-04-07 12:00:00,0.27659133
2025-04-07 13:00:00,0.1913928
2025-04-07 14:00:00,0.041338205
2025-04-07 15:00:00,-0.1666658
2025-04-07 16:00:00,-0.36775598
2025-04-07 17:00:00,-0.54914874
2025-04-07 18:00:00,-0.6461117
2025-04-07 19:00:00,-0.61742955
2025-04-07 20:00:00,-0.5056054
2025-04-07 21:00:00,-0.35304183
2025-04-07 22:00:00,-0.15995774
2025-04-07 23:00:00,-0.005877098
2025-04-08 00:00:00,0.081673004
2025-04-08 01:00:00,0.07487782
2025-04-08 02:00:00,-0.013369506
2025-04-08 03:00:00,-0.17459041
2025-04-08 04:00:00,-0.36099502
2025-04-08 05:00:00,-0.5073118
2025-04-08 06:00:00,-0.586367
2025-04-08 07:00:00,-0.56728685
2025-04-08 08:00:00,-0.43141338
2025-04-08 09:00:00,-0.22303788
2025-04-08 10:00:00,0.002870646
2025-04-08 11:00:00,0.21556793
2025-04-08 12:00:00,0.3306559
2025-04-08 13:00:00,0.34524095
2025-04-08 14:00:00,0.21717082
2025-04-08 15:00:00,0.016603163
2025-04-08 16:00:00,-0.23246664
2025-04-08 17:00:00,-0.48908538
2025-04-08 18:00:00,-0.6787531
2025-04-08 19:00:00,-0.72161394
2025-04-08 20:00:00,-0.65270156
2025-04-08 21:00:00,-0.4804512
2025-04-08 22:00:00,-0.24049428
2025-04-08 23:00:00,0.0011568873
2025-04-09 00:00:00,0.17632458
2025-04-09 01:00:00,0.24314259
2025-04-09 02:00:00,0.21323046
2025-04-09 03:00:00,0.04703333
2025-04-09 04:00:00,-0.17750598
2025-04-09 05:00:00,-0.4024504
2025-04-09 06:00:00,-0.5712303
2025-04-09 07:00:00,-0.64985985
2025-04-09 08:00:00,-0.58305734
2025-04-09 09:00:00,-0.3860458
2025-04-09 10:00:00,-0.13852869
2025-04-09 11:00:00,0.13281447
2025-04-09 12:00:00,0.364376
2025-04-09 13:00:00,0.4560668
2025-04-09 14:00:00,0.4076654
2025-04-09 15:00:00,0.22167985
2025-04-09 16:00:00,-0.031222519
2025-04-09 17:00:00,-0.34800336
2025-04-09 18:00:00,-0.59329194
